Name,Nation,Position
"A. Abada","Algeria","DEF"
"A. Mandi","Algeria","DEF"
"J. Hadjam","Algeria","DEF"
"M. Tougai","Algeria","DEF"
"R. Aït-Nouri","Algeria","DEF"
"R. Belghali","Algeria","DEF"
"R. Bensebaïni","Algeria","DEF"
"S. Chergui","Algeria","DEF"
"Z. Belaïd","Algeria","DEF"
"A. Benbouali","Algeria","FWD"
"A. Boulbina","Algeria","FWD"
"A. Gouiri","Algeria","FWD"
"A. Hadj-Moussa","Algeria","FWD"
"F. Ghedjemis","Algeria","FWD"
"M. Amoura","Algeria","FWD"
"R. Mahrez","Algeria","FWD"
"L. Zidane","Algeria","GK"
"M. Mastil","Algeria","GK"
"O. Benbot","Algeria","GK"
"F. Chaïbi","Algeria","MID"
"H. Aouar","Algeria","MID"
"H. Boudaoui","Algeria","MID"
"I. Maza","Algeria","MID"
"N. Bentaleb","Algeria","MID"
"R. Zerrouki","Algeria","MID"
"Y. Titraoui","Algeria","MID"
"C. Romero","Argentina","DEF"
"F. Medina","Argentina","DEF"
"G. Montiel","Argentina","DEF"
"L. Balerdi","Argentina","DEF"
"Lisandro Martínez","Argentina","DEF"
"N. Molina","Argentina","DEF"
"N. Otamendi","Argentina","DEF"
"N. Tagliafico","Argentina","DEF"
"J. Álvarez","Argentina","FWD"
"J. López","Argentina","FWD"
"L. Messi","Argentina","FWD"
"Lautaro Martínez","Argentina","FWD"
"N. González","Argentina","FWD"
"N. Paz","Argentina","FWD"
"E. Martínez","Argentina","GK"
"G. Rulli","Argentina","GK"
"J. Musso","Argentina","GK"
"A. Mac Allister","Argentina","MID"
"E. Fernández","Argentina","MID"
"E. Palacios","Argentina","MID"
"G. Lo Celso","Argentina","MID"
"G. Simeone","Argentina","MID"
"L. Paredes","Argentina","MID"
"R. De Paul","Argentina","MID"
"T. Almada","Argentina","MID"
"V. Barco","Argentina","MID"
"A. Circati","Australia","DEF"
"C. Burgess","Australia","DEF"
"H. Souttar","Australia","DEF"
"J. Bos","Australia","DEF"
"J. Geria","Australia","DEF"
"J. Italiano","Australia","DEF"
"L. Herrington","Australia","DEF"
"M. Degenek","Australia","DEF"
"C. Volpato","Australia","FWD"
"M. Leckie","Australia","FWD"
"M. Touré","Australia","FWD"
"N. Irankunda","Australia","FWD"
"N. Velupillay","Australia","FWD"
"T. Yengi","Australia","FWD"
"M. Ryan","Australia","GK"
"P. Beach","Australia","GK"
"P. Izzo","Australia","GK"
"A. Behich","Australia","MID"
"A. Hrustic","Australia","MID"
"A. Mabil","Australia","MID"
"A. O Neill","Australia","MID"
"C. Devlin","Australia","MID"
"C. Metcalfe","Australia","MID"
"J. Irvine","Australia","MID"
"K. Trewin","Australia","MID"
"Paul Okon-Engstler","Australia","MID"
"A. Prass","Austria","DEF"
"D. Affengruber","Austria","DEF"
"D. Alaba","Austria","DEF"
"K. Danso","Austria","DEF"
"K. Laimer","Austria","DEF"
"M. Friedl","Austria","DEF"
"M. Svoboda","Austria","DEF"
"P. Lienhart","Austria","DEF"
"P. Mwene","Austria","DEF"
"S. Posch","Austria","DEF"
"M. Arnautovic","Austria","FWD"
"S. Kalajdzic","Austria","FWD"
"A. Schlager","Austria","GK"
"F. Wiegele","Austria","GK"
"P. Pentz","Austria","GK"
"A. Schöpf","Austria","MID"
"C. Baumgartner","Austria","MID"
"C. Chukwuemeka","Austria","MID"
"F. Grillitsch","Austria","MID"
"M. Gregoritsch","Austria","MID"
"M. Sabitzer","Austria","MID"
"N. Seiwald","Austria","MID"
"P. Wanner","Austria","MID"
"P. Wimmer","Austria","MID"
"R. Schmid","Austria","MID"
"X. Schlager","Austria","MID"
"A. Theate","Belgium","DEF"
"B. Mechele","Belgium","DEF"
"J. Seys","Belgium","DEF"
"K. De Winter","Belgium","DEF"
"M. De Cuyper","Belgium","DEF"
"N. Ngoy","Belgium","DEF"
"T. Castagne","Belgium","DEF"
"T. Meunier","Belgium","DEF"
"Z. Debast","Belgium","DEF"
"A. Saelemaekers","Belgium","FWD"
"C. De Ketelaere","Belgium","FWD"
"D. Lukebakio","Belgium","FWD"
"D. Moreira","Belgium","FWD"
"M. Fernandez-Pardo","Belgium","FWD"
"R. Lukaku","Belgium","FWD"
"M. Penders","Belgium","GK"
"S. Lammens","Belgium","GK"
"T. Courtois","Belgium","GK"
"A. Onana","Belgium","MID"
"A. Witsel","Belgium","MID"
"H. Vanaken","Belgium","MID"
"J. Doku","Belgium","MID"
"K. De Bruyne","Belgium","MID"
"L. Trossard","Belgium","MID"
"N. Raskin","Belgium","MID"
"Y. Tielemans","Belgium","MID"
"A. Dedic","Bosnia & Herzegovina","DEF"
"D. Hadzikadunic","Bosnia & Herzegovina","DEF"
"N. Celik","Bosnia & Herzegovina","DEF"
"N. Katic","Bosnia & Herzegovina","DEF"
"N. Mujakic","Bosnia & Herzegovina","DEF"
"S. Kolasinac","Bosnia & Herzegovina","DEF"
"S. Radeljic","Bosnia & Herzegovina","DEF"
"T. Muharemovic","Bosnia & Herzegovina","DEF"
"E. Demirovic","Bosnia & Herzegovina","FWD"
"E. Dzeko","Bosnia & Herzegovina","FWD"
"H. Tabakovic","Bosnia & Herzegovina","FWD"
"J. Lukic","Bosnia & Herzegovina","FWD"
"S. Bazdar","Bosnia & Herzegovina","FWD"
"M. Jurkas","Bosnia & Herzegovina","GK"
"M. Zlomislic","Bosnia & Herzegovina","GK"
"N. Vasilj","Bosnia & Herzegovina","GK"
"A. Gigovic","Bosnia & Herzegovina","MID"
"A. Hadziahmetovic","Bosnia & Herzegovina","MID"
"A. Memic","Bosnia & Herzegovina","MID"
"B. Tahirovic","Bosnia & Herzegovina","MID"
"D. Burnic","Bosnia & Herzegovina","MID"
"E. Bajraktarevic","Bosnia & Herzegovina","MID"
"Ermin Mahmic","Bosnia & Herzegovina","MID"
"I. Basic","Bosnia & Herzegovina","MID"
"I. Sunjic","Bosnia & Herzegovina","MID"
"Kerim-Sam Alajbegovic","Bosnia & Herzegovina","MID"
"Alex Sandro","Brazil","DEF"
"Bremer","Brazil","DEF"
"Danilo","Brazil","DEF"
"Douglas Santos","Brazil","DEF"
"Gabriel Magalhães","Brazil","DEF"
"Ibañez","Brazil","DEF"
"Léo Pereira","Brazil","DEF"
"Marquinhos","Brazil","DEF"
"Wesley","Brazil","DEF"
"Endrick","Brazil","FWD"
"Gabriel Martinelli","Brazil","FWD"
"Luiz Henrique","Brazil","FWD"
"Matheus Cunha","Brazil","FWD"
"Neymar","Brazil","FWD"
"Rayan","Brazil","FWD"
"Thiago","Brazil","FWD"
"Vinícius Júnior","Brazil","FWD"
"Alisson Becker","Brazil","GK"
"Ederson","Brazil","GK"
"Weverton","Brazil","GK"
"Bruno Guimarães","Brazil","MID"
"Casemiro","Brazil","MID"
"Danilo Santos","Brazil","MID"
"Fabinho","Brazil","MID"
"Lucas Paquetá","Brazil","MID"
"Raphinha","Brazil","MID"
"A. Davies","Canada","DEF"
"A. Johnston","Canada","DEF"
"A. Jones","Canada","DEF"
"D. Cornelius","Canada","DEF"
"J. Waterman","Canada","DEF"
"L. De Fougerolles","Canada","DEF"
"M. Bombito","Canada","DEF"
"R. Laryea","Canada","DEF"
"C. Larin","Canada","FWD"
"J. David","Canada","FWD"
"P. David","Canada","FWD"
"T. Oluwaseyi","Canada","FWD"
"D. St. Clair","Canada","GK"
"M. Crépeau","Canada","GK"
"O. Goodman","Canada","GK"
"A. Ahmed","Canada","MID"
"I. Koné","Canada","MID"
"J. Osorio","Canada","MID"
"J. Shaffelburg","Canada","MID"
"L. Millar","Canada","MID"
"M. Choinière","Canada","MID"
"M. Flores","Canada","MID"
"N. Saliba","Canada","MID"
"N. Sigur","Canada","MID"
"S. Eustáquio","Canada","MID"
"T. Buchanan","Canada","MID"
"Diney Borges","Cape Verde Islands","DEF"
"Kelvin Pires","Cape Verde Islands","DEF"
"Logan Costa","Cape Verde Islands","DEF"
"Pico","Cape Verde Islands","DEF"
"S. Lopes Cabral","Cape Verde Islands","DEF"
"S. Moreira","Cape Verde Islands","DEF"
"Stopira","Cape Verde Islands","DEF"
"Wagner Pina","Cape Verde Islands","DEF"
"D. Livramento","Cape Verde Islands","FWD"
"Gilson Benchimol","Cape Verde Islands","FWD"
"Jovane Cabral","Cape Verde Islands","FWD"
"Nuno da Costa","Cape Verde Islands","FWD"
"C. dos Santos","Cape Verde Islands","GK"
"Márcio Rosa","Cape Verde Islands","GK"
"Vózinha","Cape Verde Islands","GK"
"Deroy Duarte","Cape Verde Islands","MID"
"Garry Rodrigues","Cape Verde Islands","MID"
"Hélio Varela","Cape Verde Islands","MID"
"Jamiro Monteiro","Cape Verde Islands","MID"
"João Paulo","Cape Verde Islands","MID"
"Kevin Pina","Cape Verde Islands","MID"
"L. Duarte","Cape Verde Islands","MID"
"Ryan Mendes","Cape Verde Islands","MID"
"Telmo Arcanjo","Cape Verde Islands","MID"
"Willy Semedo","Cape Verde Islands","MID"
"Yannick Semedo","Cape Verde Islands","MID"
"D. Machado","Colombia","DEF"
"D. Muñoz","Colombia","DEF"
"D. Sánchez","Colombia","DEF"
"J. Lucumí","Colombia","DEF"
"J. Mojica","Colombia","DEF"
"S. Arias","Colombia","DEF"
"W. Ditta","Colombia","DEF"
"Y. Mina","Colombia","DEF"
"C. Hernández","Colombia","FWD"
"J. Córdoba","Colombia","FWD"
"L. Suárez","Colombia","FWD"
"Á. Montero","Colombia","GK"
"C. Vargas","Colombia","GK"
"D. Ospina","Colombia","GK"
"A. Gómez","Colombia","MID"
"G. Puerta","Colombia","MID"
"J. Arias","Colombia","MID"
"J. Campaz","Colombia","MID"
"J. Carrascal","Colombia","MID"
"J. Lerma","Colombia","MID"
"J. Portilla","Colombia","MID"
"J. Quintero","Colombia","MID"
"J. Rodríguez","Colombia","MID"
"K. Castaño","Colombia","MID"
"L. Díaz","Colombia","MID"
"R. Rios","Colombia","MID"
"A. Masuaku","Congo DR","DEF"
"A. Tuanzebe","Congo DR","DEF"
"A. Wan-Bissaka","Congo DR","DEF"
"C. Mbemba","Congo DR","DEF"
"D. Batubinsika","Congo DR","DEF"
"G. Kalulu","Congo DR","DEF"
"J. Kayembe","Congo DR","DEF"
"S. Kapuadi","Congo DR","DEF"
"B. Cipenga","Congo DR","FWD"
"C. Bakambu","Congo DR","FWD"
"F. Mayele","Congo DR","FWD"
"G. Kakuta","Congo DR","FWD"
"M. Elia","Congo DR","FWD"
"S. Banza","Congo DR","FWD"
"Y. Wissa","Congo DR","FWD"
"L. Mpasi","Congo DR","GK"
"M. Epolo","Congo DR","GK"
"T. Fayulu","Congo DR","GK"
"A. Tshibola","Congo DR","MID"
"C. Pickel","Congo DR","MID"
"E. Kayembe","Congo DR","MID"
"N. Mbuku","Congo DR","MID"
"N. Mukau","Congo DR","MID"
"N. Sadiki","Congo DR","MID"
"S. Moutoussamy","Congo DR","MID"
"T. Bongonda","Congo DR","MID"
"D. Caleta-Car","Croatia","DEF"
"J. Gvardiol","Croatia","DEF"
"J. Stanisic","Croatia","DEF"
"J. Sutalo","Croatia","DEF"
"L. Vuskovic","Croatia","DEF"
"M. Erlic","Croatia","DEF"
"M. Pongracic","Croatia","DEF"
"A. Budimir","Croatia","FWD"
"I. Matanovic","Croatia","FWD"
"P. Musa","Croatia","FWD"
"D. Kotarski","Croatia","GK"
"D. Livakovic","Croatia","GK"
"I. Pandur","Croatia","GK"
"A. Kramaric","Croatia","MID"
"I. Perisic","Croatia","MID"
"K. Jakic","Croatia","MID"
"L. Modric","Croatia","MID"
"L. Sucic","Croatia","MID"
"M. Baturina","Croatia","MID"
"M. Kovacic","Croatia","MID"
"M. Pasalic","Croatia","MID"
"M. Pasalic","Croatia","MID"
"N. Moro","Croatia","MID"
"N. Vlasic","Croatia","MID"
"P. Sucic","Croatia","MID"
"T. Fruk","Croatia","MID"
"A. Obispo","Curaçao","DEF"
"Deveron Fonville","Curaçao","DEF"
"J. Brenet","Curaçao","DEF"
"J. Gaari","Curaçao","DEF"
"R. Bazoer","Curaçao","DEF"
"R. van Eijma","Curaçao","DEF"
"S. Floranus","Curaçao","DEF"
"S. Sambo","Curaçao","DEF"
"B. Kuwas","Curaçao","FWD"
"G. Kastaneer","Curaçao","FWD"
"J. Antonisse","Curaçao","FWD"
"J. Locadia","Curaçao","FWD"
"J. Margaritha","Curaçao","FWD"
"K. Gorré","Curaçao","FWD"
"S. Hansen","Curaçao","FWD"
"E. Room","Curaçao","GK"
"T. Bodak","Curaçao","GK"
"T. Doornbusch","Curaçao","GK"
"A. Martha","Curaçao","MID"
"G. Roemeratoe","Curaçao","MID"
"J. Bacuna","Curaçao","MID"
"K. Felida","Curaçao","MID"
"L. Bacuna","Curaçao","MID"
"L. Comenencia","Curaçao","MID"
"T. Chong","Curaçao","MID"
"T. Noslin","Curaçao","MID"
"D. Jurásek","Czechia","DEF"
"D. Zima","Czechia","DEF"
"L. Krejcí","Czechia","DEF"
"R. Hranác","Czechia","DEF"
"S. Chaloupek","Czechia","DEF"
"T. Holes","Czechia","DEF"
"A. Hlozek","Czechia","FWD"
"J. Kuchta","Czechia","FWD"
"L. Provod","Czechia","FWD"
"M. Chytil","Czechia","FWD"
"P. Schick","Czechia","FWD"
"P. Sulc","Czechia","FWD"
"T. Chorý","Czechia","FWD"
"J. Stanek","Czechia","GK"
"L. Hornícek","Czechia","GK"
"M. Kovár","Czechia","GK"
"A. Sojka","Czechia","MID"
"D. Doudera","Czechia","MID"
"D. Visinský","Czechia","MID"
"H. Sochurek","Czechia","MID"
"J. Zelený","Czechia","MID"
"L. Cerv","Czechia","MID"
"M. Sadílek","Czechia","MID"
"T. Soucek","Czechia","MID"
"V. Coufal","Czechia","MID"
"V. Darida","Czechia","MID"
"A. Franco","Ecuador","DEF"
"A. Preciado","Ecuador","DEF"
"F. Torres","Ecuador","DEF"
"J. Ordoñez","Ecuador","DEF"
"J. Porozo","Ecuador","DEF"
"P. Estupiñán","Ecuador","DEF"
"P. Hincapié","Ecuador","DEF"
"W. Pacho","Ecuador","DEF"
"E. Valencia","Ecuador","FWD"
"G. Plata","Ecuador","FWD"
"J. Caicedo","Ecuador","FWD"
"J. Yeboah","Ecuador","FWD"
"Jeremy Arévalo","Ecuador","FWD"
"K. Páez","Ecuador","FWD"
"K. Rodríguez","Ecuador","FWD"
"N. Angulo","Ecuador","FWD"
"G. Valle","Ecuador","GK"
"H. Galíndez","Ecuador","GK"
"M. Ramírez","Ecuador","GK"
"A. Minda","Ecuador","MID"
"A. Valencia","Ecuador","MID"
"D. Castillo","Ecuador","MID"
"J. Alcívar","Ecuador","MID"
"M. Caicedo","Ecuador","MID"
"P. Vite","Ecuador","MID"
"Y. Medina","Ecuador","MID"
"Ahmed Fatouh","Egypt","DEF"
"Hamdi Fathy","Egypt","DEF"
"Hossam Abdelmaguid","Egypt","DEF"
"Karim Hafez","Egypt","DEF"
"Mohamed Abdelmonem","Egypt","DEF"
"Mohamed Hany","Egypt","DEF"
"Rami Rabia","Egypt","DEF"
"T. Alaa","Egypt","DEF"
"Yasser Ibrahim","Egypt","DEF"
"Ahmed Zizo","Egypt","FWD"
"H. Abdelkarim","Egypt","FWD"
"Ibrahim Adel","Egypt","FWD"
"Mohamed Salah","Egypt","FWD"
"Omar Marmoush","Egypt","FWD"
"Al Mahdi Soliman","Egypt","GK"
"M. Alaa","Egypt","GK"
"Mohamed El Shenawy","Egypt","GK"
"Mostafa Shobeir","Egypt","GK"
"Emam Ashour","Egypt","MID"
"H. Hassan","Egypt","MID"
"Mahmoud Saber","Egypt","MID"
"Marwan Attia","Egypt","MID"
"Mohanad Lasheen","Egypt","MID"
"Mostafa Zico","Egypt","MID"
"Nabil Emad Dunga","Egypt","MID"
"Trézéguet","Egypt","MID"
"D. Burn","England","DEF"
"D. Spence","England","DEF"
"E. Konsa","England","DEF"
"J. Quansah","England","DEF"
"J. Stones","England","DEF"
"M. Guéhi","England","DEF"
"N. Oreilly","England","DEF"
"R. James","England","DEF"
"T. Livramento","England","DEF"
"B. Saka","England","FWD"
"H. Kane","England","FWD"
"I. Toney","England","FWD"
"D. Henderson","England","GK"
"J. Pickford","England","GK"
"J. Trafford","England","GK"
"A. Gordon","England","MID"
"D. Rice","England","MID"
"E. Anderson","England","MID"
"E. Eze","England","MID"
"J. Bellingham","England","MID"
"J. Henderson","England","MID"
"K. Mainoo","England","MID"
"M. Rashford","England","MID"
"M. Rogers","England","MID"
"N. Madueke","England","MID"
"O. Watkins","England","MID"
"D. Upamecano","France","DEF"
"I. Konaté","France","DEF"
"J. Koundé","France","DEF"
"L. Digne","France","DEF"
"L. Hernández","France","DEF"
"M. Gusto","France","DEF"
"M. Lacroix","France","DEF"
"T. Hernández","France","DEF"
"W. Saliba","France","DEF"
"B. Barcola","France","FWD"
"J. Mateta","France","FWD"
"Kylian Mbappé","France","FWD"
"B. Samba","France","GK"
"M. Maignan","France","GK"
"R. Risser","France","GK"
"A. Rabiot","France","MID"
"A. Tchouaméni","France","MID"
"D. Doué","France","MID"
"M. Akliouche","France","MID"
"M. Koné","France","MID"
"M. Olise","France","MID"
"M. Thuram","France","MID"
"N. Kanté","France","MID"
"O. Dembélé","France","MID"
"R. Cherki","France","MID"
"W. Zaïre-Emery","France","MID"
"A. Rüdiger","Germany","DEF"
"D. Raum","Germany","DEF"
"J. Kimmich","Germany","DEF"
"J. Tah","Germany","DEF"
"M. Thiaw","Germany","DEF"
"N. Brown","Germany","DEF"
"N. Schlotterbeck","Germany","DEF"
"W. Anton","Germany","DEF"
"D. Undav","Germany","FWD"
"J. Leweling","Germany","FWD"
"K. Havertz","Germany","FWD"
"M. Beier","Germany","FWD"
"N. Woltemade","Germany","FWD"
"A. Nübel","Germany","GK"
"M. Neuer","Germany","GK"
"O. Baumann","Germany","GK"
"A. Pavlovic","Germany","MID"
"A. Stiller","Germany","MID"
"F. Nmecha","Germany","MID"
"F. Wirtz","Germany","MID"
"J. Musiala","Germany","MID"
"L. Goretzka","Germany","MID"
"L. Karl","Germany","MID"
"L. Sané","Germany","MID"
"N. Amiri","Germany","MID"
"P. Groß","Germany","MID"
"A. Baba","Ghana","DEF"
"A. Mumin","Ghana","DEF"
"A. Seidu","Ghana","DEF"
"D. Luckassen","Ghana","DEF"
"G. Mensah","Ghana","DEF"
"J. Adjetey","Ghana","DEF"
"J. Opoku","Ghana","DEF"
"K. Peprah Oppong","Ghana","DEF"
"M. Senaya","Ghana","DEF"
"A. Semenyo","Ghana","FWD"
"B. Thomas-Asante","Ghana","FWD"
"C. Bonsu Baah","Ghana","FWD"
"E. Nuamah","Ghana","FWD"
"I. Williams","Ghana","FWD"
"J. Ayew","Ghana","FWD"
"K. Sulemana","Ghana","FWD"
"B. Asare","Ghana","GK"
"J. Anang","Ghana","GK"
"L. Zigi","Ghana","GK"
"A. Boakye","Ghana","MID"
"A. Fatawu","Ghana","MID"
"Caleb Marfo Yirenkyi","Ghana","MID"
"E. Owusu","Ghana","MID"
"K. Sibo","Ghana","MID"
"P. Adu","Ghana","MID"
"T. Partey","Ghana","MID"
"C. Arcus","Haiti","DEF"
"D. Lacroix","Haiti","DEF"
"H. Delcroix","Haiti","DEF"
"J. Duverne","Haiti","DEF"
"K. Thermoncy","Haiti","DEF"
"M. Expérience","Haiti","DEF"
"Ricardo Ade","Haiti","DEF"
"W. Paugain","Haiti","DEF"
"D. Etienne","Haiti","FWD"
"D. Nazon","Haiti","FWD"
"F. Pierrot","Haiti","FWD"
"J. Casimir","Haiti","FWD"
"L. Joseph","Haiti","FWD"
"W. Isidor","Haiti","FWD"
"Y. Fortuné","Haiti","FWD"
"A. Pierre","Haiti","GK"
"J. Duverger","Haiti","GK"
"J. Placide","Haiti","GK"
"C. F. Sainte","Haiti","MID"
"D. Jean-Jacques","Haiti","MID"
"D. Simon","Haiti","MID"
"J. Bellegarde","Haiti","MID"
"L. Deedson","Haiti","MID"
"L. Pierre","Haiti","MID"
"R. Providence","Haiti","MID"
"W. Pierre","Haiti","MID"
"A. Nemati","Iran","DEF"
"A. Yousefi","Iran","DEF"
"D. Eiri","Iran","DEF"
"E. Hajisafi","Iran","DEF"
"H. Kanani","Iran","DEF"
"M. Mohammadi","Iran","DEF"
"R. Rezaeian","Iran","DEF"
"S. Khalilzadeh","Iran","DEF"
"Saleh Hardani","Iran","DEF"
"A. Alipour","Iran","FWD"
"A. Hosseinzadeh","Iran","FWD"
"D. Eckert Ayensa","Iran","FWD"
"M. Ghaedi","Iran","FWD"
"M. Mohebi","Iran","FWD"
"M. Taremi","Iran","FWD"
"S. Moghanlou","Iran","FWD"
"A. Beiranvand","Iran","GK"
"H. Hosseini","Iran","GK"
"P. Niazmand","Iran","GK"
"A. Jahanbakhsh","Iran","MID"
"A. Razzaghinia","Iran","MID"
"M. Ghorbani","Iran","MID"
"M. Torabi","Iran","MID"
"R. Cheshmi","Iran","MID"
"S. Ezatolahi","Iran","MID"
"S. Ghoddos","Iran","MID"
"A. Yahya","Iraq","DEF"
"Akam Rahman","Iraq","DEF"
"Frans Putros","Iraq","DEF"
"Hussein Ali","Iraq","DEF"
"Merchas Doski","Iraq","DEF"
"Munaf Younus","Iraq","DEF"
"Mustafa Saadoun","Iraq","DEF"
"Rebin Solaka","Iraq","DEF"
"Zayed Tahseen","Iraq","DEF"
"A. Jasim","Iraq","FWD"
"A. Y. Hashim","Iraq","FWD"
"Ali Al Hamadi","Iraq","FWD"
"Aymen Hussein","Iraq","FWD"
"Meme","Iraq","FWD"
"Youssef Amyn","Iraq","FWD"
"Ahmed Basil","Iraq","GK"
"Fahad Talib","Iraq","GK"
"Jalal Hassan Hachim","Iraq","GK"
"A. Qasem","Iraq","MID"
"A. Sher","Iraq","MID"
"Amir Al Ammari","Iraq","MID"
"Ibraheem Bayesh","Iraq","MID"
"Kevin Yakob","Iraq","MID"
"M. Farji","Iraq","MID"
"Z. Ismaeel","Iraq","MID"
"Zidane Iqbal","Iraq","MID"
"C. Operi","Ivory Coast","DEF"
"E. Agbadou","Ivory Coast","DEF"
"E. Ndicka","Ivory Coast","DEF"
"G. Doué","Ivory Coast","DEF"
"G. Konan","Ivory Coast","DEF"
"O. Diomande","Ivory Coast","DEF"
"O. Kossounou","Ivory Coast","DEF"
"W. Singo","Ivory Coast","DEF"
"A. Bonny","Ivory Coast","FWD"
"A. Diallo","Ivory Coast","FWD"
"B. Touré","Ivory Coast","FWD"
"E. Guessand","Ivory Coast","FWD"
"E. Wahi","Ivory Coast","FWD"
"N. Pépé","Ivory Coast","FWD"
"S. Adingra","Ivory Coast","FWD"
"A. Lafont","Ivory Coast","GK"
"M. Koné","Ivory Coast","GK"
"Y. Fofana","Ivory Coast","GK"
"C. Inao Oulai","Ivory Coast","MID"
"F. Kessié","Ivory Coast","MID"
"I. Sangaré","Ivory Coast","MID"
"J. Seri","Ivory Coast","MID"
"O. Diakité","Ivory Coast","MID"
"P. Guiagon","Ivory Coast","MID"
"S. Fofana","Ivory Coast","MID"
"Y. Diomande","Ivory Coast","MID"
"A. Seko","Japan","DEF"
"H. Ito","Japan","DEF"
"J. Suzuki","Japan","DEF"
"K. Itakura","Japan","DEF"
"S. Taniguchi","Japan","DEF"
"T. Tomiyasu","Japan","DEF"
"T. Watanabe","Japan","DEF"
"Y. Nagatomo","Japan","DEF"
"Y. Sugawara","Japan","DEF"
"A. Ueda","Japan","FWD"
"D. Maeda","Japan","FWD"
"J. Ito","Japan","FWD"
"K. Goto","Japan","FWD"
"K. Shiogai","Japan","FWD"
"Koki Ogawa","Japan","FWD"
"T. Kubo","Japan","FWD"
"K. Osako","Japan","GK"
"T. Hayakawa","Japan","GK"
"Z. Suzuki","Japan","GK"
"A. Tanaka","Japan","MID"
"D. Kamada","Japan","MID"
"K. Sano","Japan","MID"
"Keito Nakamura","Japan","MID"
"R. Doan","Japan","MID"
"W. Endo","Japan","MID"
"Y. Suzuki","Japan","MID"
"A. Badawi","Jordan","DEF"
"Abdallah Naseeb","Jordan","DEF"
"Ehsan Haddad","Jordan","DEF"
"H. Abu Al Dahab","Jordan","DEF"
"M. Abu Hasheesh","Jordan","DEF"
"M. Abualnadi","Jordan","DEF"
"Mohannad Abu Taha","Jordan","DEF"
"Saed Al Rosan","Jordan","DEF"
"Saleem Obaid","Jordan","DEF"
"Yazan Al Arab","Jordan","DEF"
"A. Azaizeh","Jordan","FWD"
"Ali Olwan","Jordan","FWD"
"Ibrahim Sabra","Jordan","FWD"
"Mahmoud Al Mardi","Jordan","FWD"
"Mohammed Abu Zurayq","Jordan","FWD"
"O. Al Fakhouri","Jordan","FWD"
"Abdallah Al Fakhouri","Jordan","GK"
"Noureddin Zaid","Jordan","GK"
"Yazid Abu Layla","Jordan","GK"
"Amer Jamous","Jordan","MID"
"Ibrahim Sa'deh","Jordan","MID"
"M. Al Daoud","Jordan","MID"
"Mousa Tamari","Jordan","MID"
"Nizar Al Rashdan","Jordan","MID"
"Noor Al Rawabdeh","Jordan","MID"
"Rajaei Ayed","Jordan","MID"
"C. Montes","Mexico","DEF"
"I. Reyes","Mexico","DEF"
"J. Gallardo","Mexico","DEF"
"J. Sánchez","Mexico","DEF"
"J. Vásquez","Mexico","DEF"
"M. Chávez","Mexico","DEF"
"A. González","Mexico","FWD"
"A. Vega","Mexico","FWD"
"G. Martínez","Mexico","FWD"
"R. Jiménez","Mexico","FWD"
"S. Giménez","Mexico","FWD"
"C. Acevedo","Mexico","GK"
"G. Ochoa","Mexico","GK"
"J. Rangel","Mexico","GK"
"Álvaro Fidalgo","Mexico","MID"
"B. Gutiérrez","Mexico","MID"
"C. Huerta","Mexico","MID"
"E. Álvarez","Mexico","MID"
"É. Lira","Mexico","MID"
"G. Mora","Mexico","MID"
"J. Quiñones","Mexico","MID"
"L. Chávez","Mexico","MID"
"L. Romo","Mexico","MID"
"O. Pineda","Mexico","MID"
"O. Vargas","Mexico","MID"
"R. Alvarado","Mexico","MID"
"A. Hakimi","Morocco","DEF"
"A. Salah-Eddine","Morocco","DEF"
"C. Riad","Morocco","DEF"
"I. Diop","Morocco","DEF"
"N. Aguerd","Morocco","DEF"
"N. Mazraoui","Morocco","DEF"
"R. Halhal","Morocco","DEF"
"Y. Belammari","Morocco","DEF"
"Z. El Ouahdi","Morocco","DEF"
"A. El Kaabi","Morocco","FWD"
"Gessime Yassine","Morocco","FWD"
"I. Saibari","Morocco","FWD"
"S. Rahimi","Morocco","FWD"
"A. Tagnaouti","Morocco","GK"
"M. Mohamedi","Morocco","GK"
"Y. Bounou","Morocco","GK"
"A. Amaimouni","Morocco","MID"
"A. Bouaddi","Morocco","MID"
"A. Ezzalzouli","Morocco","MID"
"A. Ounahi","Morocco","MID"
"B. El Khannouss","Morocco","MID"
"Brahim Díaz","Morocco","MID"
"C. Talbi","Morocco","MID"
"N. El Aynaoui","Morocco","MID"
"S. Amrabat","Morocco","MID"
"S. El Mourabet","Morocco","MID"
"D. Dumfries","Netherlands","DEF"
"J. Hato","Netherlands","DEF"
"J. Timber","Netherlands","DEF"
"J. van Hecke","Netherlands","DEF"
"M. van de Ven","Netherlands","DEF"
"M. Wieffer","Netherlands","DEF"
"N. Aké","Netherlands","DEF"
"V. van Dijk","Netherlands","DEF"
"B. Brobbey","Netherlands","FWD"
"C. Gakpo","Netherlands","FWD"
"C. Summerville","Netherlands","FWD"
"D. Malen","Netherlands","FWD"
"J. Kluivert","Netherlands","FWD"
"M. Depay","Netherlands","FWD"
"N. Lang","Netherlands","FWD"
"W. Weghorst","Netherlands","FWD"
"B. Verbruggen","Netherlands","GK"
"M. Flekken","Netherlands","GK"
"R. Roefs","Netherlands","GK"
"F. de Jong","Netherlands","MID"
"G. Til","Netherlands","MID"
"M. de Roon","Netherlands","MID"
"Q. Timber","Netherlands","MID"
"R. Gravenberch","Netherlands","MID"
"T. Koopmeiners","Netherlands","MID"
"T. Reijnders","Netherlands","MID"
"C. Elliot","New Zealand","DEF"
"F. de Vries","New Zealand","DEF"
"F. Surman","New Zealand","DEF"
"L. Cacace","New Zealand","DEF"
"M. Boxall","New Zealand","DEF"
"N. Pijnaker","New Zealand","DEF"
"T. Payne","New Zealand","DEF"
"T. Smith","New Zealand","DEF"
"Tyler Bindon","New Zealand","DEF"
"B. Old","New Zealand","FWD"
"B. Waine","New Zealand","FWD"
"C. Wood","New Zealand","FWD"
"J. Randall","New Zealand","FWD"
"K. Barbarouses","New Zealand","FWD"
"A. Paulsen","New Zealand","GK"
"M. Crocombe","New Zealand","GK"
"M. Woud","New Zealand","GK"
"A. Rufer","New Zealand","MID"
"C. McCowatt","New Zealand","MID"
"E. Just","New Zealand","MID"
"J. Bell","New Zealand","MID"
"L. Bayliss","New Zealand","MID"
"M. Garbett","New Zealand","MID"
"M. Stamenic","New Zealand","MID"
"R. Thomas","New Zealand","MID"
"S. Singh","New Zealand","MID"
"D. Møller Wolfe","Norway","DEF"
"F. Bjørkan","Norway","DEF"
"H. Falchener","Norway","DEF"
"J. Ryerson","Norway","DEF"
"K. Ajer","Norway","DEF"
"L. Østigård","Norway","DEF"
"M. Pedersen","Norway","DEF"
"S. Langås","Norway","DEF"
"T. Heggem","Norway","DEF"
"A. Nusa","Norway","FWD"
"A. Schjelderup","Norway","FWD"
"A. Sørloth","Norway","FWD"
"E. Haaland","Norway","FWD"
"J. Strand Larsen","Norway","FWD"
"E. Selvik","Norway","GK"
"Ø. Nyland","Norway","GK"
"S. Tangvik","Norway","GK"
"F. Aursnes","Norway","MID"
"J. Hauge","Norway","MID"
"K. Thorstvedt","Norway","MID"
"M. Ødegaard","Norway","MID"
"M. Thorsby","Norway","MID"
"Oscar Bobb","Norway","MID"
"P. Berg","Norway","MID"
"S. Berge","Norway","MID"
"T. Aasgaard","Norway","MID"
"A. Andrade","Panama","DEF"
"A. Murillo","Panama","DEF"
"C. Blackman","Panama","DEF"
"É. Davis","Panama","DEF"
"E. Fariña","Panama","DEF"
"F. Escobar","Panama","DEF"
"J. Córdoba","Panama","DEF"
"J. Gutiérrez","Panama","DEF"
"J. Ramos","Panama","DEF"
"R. Miller","Panama","DEF"
"C. Waterman","Panama","FWD"
"J. Fajardo","Panama","FWD"
"T. Rodríguez","Panama","FWD"
"C. Samudio","Panama","GK"
"L. Mejía","Panama","GK"
"O. Mosquera","Panama","GK"
"A. Carrasquilla","Panama","MID"
"A. Godoy","Panama","MID"
"A. Londoño","Panama","MID"
"A. Quintero","Panama","MID"
"C. Harvey","Panama","MID"
"C. Martinez","Panama","MID"
"C. Yanis","Panama","MID"
"I. Díaz","Panama","MID"
"J. Rodríguez","Panama","MID"
"Y. Bárcenas","Panama","MID"
"A. Maidana","Paraguay","DEF"
"F. Balbuena","Paraguay","DEF"
"G. Gómez","Paraguay","DEF"
"G. Velázquez","Paraguay","DEF"
"J. Alonso","Paraguay","DEF"
"J. Cáceres","Paraguay","DEF"
"J. Canale","Paraguay","DEF"
"O. Alderete","Paraguay","DEF"
"A. Arce","Paraguay","FWD"
"A. Romero","Paraguay","FWD"
"A. Sanabria","Paraguay","FWD"
"G. Ávalos","Paraguay","FWD"
"I. Pitta","Paraguay","FWD"
"J. Enciso","Paraguay","FWD"
"R. Sosa","Paraguay","FWD"
"G. Olveira","Paraguay","GK"
"O. Gill","Paraguay","GK"
"R. Fernandez","Paraguay","GK"
"A. Cubas","Paraguay","MID"
"B. Ojeda","Paraguay","MID"
"D. Bobadilla","Paraguay","MID"
"D. Gómez","Paraguay","MID"
"G. Caballero","Paraguay","MID"
"M. Almirón","Paraguay","MID"
"M. Galarza","Paraguay","MID"
"Maurício","Paraguay","MID"
"Diogo Dalot","Portugal","DEF"
"Gonçalo Inácio","Portugal","DEF"
"João Cancelo","Portugal","DEF"
"Nélson Semedo","Portugal","DEF"
"Nuno Mendes","Portugal","DEF"
"Renato Veiga","Portugal","DEF"
"Rúben Dias","Portugal","DEF"
"Tomás Araújo","Portugal","DEF"
"Cristiano Ronaldo","Portugal","FWD"
"Gonçalo Guedes","Portugal","FWD"
"Gonçalo Ramos","Portugal","FWD"
"João Félix","Portugal","FWD"
"Diogo Costa","Portugal","GK"
"José Sá","Portugal","GK"
"Rui Silva","Portugal","GK"
"Bernardo Silva","Portugal","MID"
"Bruno Fernandes","Portugal","MID"
"Francisco Conceição","Portugal","MID"
"João Neves","Portugal","MID"
"Matheus Nunes","Portugal","MID"
"Pedro Neto","Portugal","MID"
"Rafael Leão","Portugal","MID"
"Rúben Neves","Portugal","MID"
"Samú Costa","Portugal","MID"
"Trincão","Portugal","MID"
"Vitinha","Portugal","MID"
"A. Al Hussain","Qatar","DEF"
"A. Al Oui","Qatar","DEF"
"Boualem Khoukhi","Qatar","DEF"
"Homam Ahmed","Qatar","DEF"
"Lucas Mendes","Qatar","DEF"
"Pedro Miguel","Qatar","DEF"
"Sultan Al Braik","Qatar","DEF"
"Ahmed Al Ganehi","Qatar","FWD"
"Ahmed Alaa","Qatar","FWD"
"Akram Afif","Qatar","FWD"
"Almoez Ali","Qatar","FWD"
"Edmilson Junior","Qatar","FWD"
"Hassan Al Haydos","Qatar","FWD"
"Mohammed Muntari","Qatar","FWD"
"Tahsin Jamshid","Qatar","FWD"
"Y. Abdurisag","Qatar","FWD"
"Mahmud Abunada","Qatar","GK"
"Meshaal Barsham","Qatar","GK"
"Salah Zakaria","Qatar","GK"
"Abdulaziz Hatem","Qatar","MID"
"Ahmed Fathi","Qatar","MID"
"Assim Madibo","Qatar","MID"
"G. Laye","Qatar","MID"
"Jassem Gaber","Qatar","MID"
"Karim Boudiaf","Qatar","MID"
"Mohamed Al Manai","Qatar","MID"
"Abdulelah Al Amri","Saudi Arabia","DEF"
"Ali Lajami","Saudi Arabia","DEF"
"Ali Majrashi","Saudi Arabia","DEF"
"Hassan Kadesh","Saudi Arabia","DEF"
"Hassan Tambakti","Saudi Arabia","DEF"
"J. Thakri","Saudi Arabia","DEF"
"Moteb Al Harbi","Saudi Arabia","DEF"
"Nawaf Boushal","Saudi Arabia","DEF"
"Saud Abdulhamid","Saudi Arabia","DEF"
"Abdullah Al Hamdan","Saudi Arabia","FWD"
"Ayman Yahya","Saudi Arabia","FWD"
"Feras Al Brikan","Saudi Arabia","FWD"
"Khalid Al Ghannam","Saudi Arabia","FWD"
"Musab Al Juwayr","Saudi Arabia","FWD"
"Saleh Al Shehri","Saudi Arabia","FWD"
"Sultan Mandash","Saudi Arabia","FWD"
"Ahmed Al Kassar","Saudi Arabia","GK"
"Mohammed Al Owais","Saudi Arabia","GK"
"Nawaf Al Aqidi","Saudi Arabia","GK"
"Abdullah Al Khaibari","Saudi Arabia","MID"
"Ala Al Haji","Saudi Arabia","MID"
"Mohamed Kanno","Saudi Arabia","MID"
"Mohammed Abu Al Shamat","Saudi Arabia","MID"
"Nasser Al Dawsari","Saudi Arabia","MID"
"Salem Al Dawsari","Saudi Arabia","MID"
"Ziyad Al Johani","Saudi Arabia","MID"
"A. Hickey","Scotland","DEF"
"A. Ralston","Scotland","DEF"
"A. Robertson","Scotland","DEF"
"D. Hyam","Scotland","DEF"
"G. Hanley","Scotland","DEF"
"J. Hendry","Scotland","DEF"
"J. Souttar","Scotland","DEF"
"K. Tierney","Scotland","DEF"
"N. Patterson","Scotland","DEF"
"S. McKenna","Scotland","DEF"
"C. Adams","Scotland","FWD"
"Findlay Curtis","Scotland","FWD"
"G. Hirst","Scotland","FWD"
"L. Dykes","Scotland","FWD"
"L. Shankland","Scotland","FWD"
"R. Stewart","Scotland","FWD"
"A. Gunn","Scotland","GK"
"C. Gordon","Scotland","GK"
"L. Kelly","Scotland","GK"
"B. Doak","Scotland","MID"
"J.  McGinn","Scotland","MID"
"K. McLean","Scotland","MID"
"L. Ferguson","Scotland","MID"
"R. Christie","Scotland","MID"
"S. McTominay","Scotland","MID"
"T. Fletcher","Scotland","MID"
"A. Mendy","Senegal","DEF"
"A. Seck","Senegal","DEF"
"E. Diouf","Senegal","DEF"
"K. Diatta","Senegal","DEF"
"K. Koulibaly","Senegal","DEF"
"M. Niakhaté","Senegal","DEF"
"M. Sarr","Senegal","DEF"
"Assane Diao","Senegal","FWD"
"B. Dieng","Senegal","FWD"
"C. Ndiaye","Senegal","FWD"
"H. Diarra","Senegal","FWD"
"I. Mbaye","Senegal","FWD"
"I. Sarr","Senegal","FWD"
"N. Jackson","Senegal","FWD"
"S. Mané","Senegal","FWD"
"É. Mendy","Senegal","GK"
"M. Diaw","Senegal","GK"
"Y. Diouf","Senegal","GK"
"Bara Ndiaye","Senegal","MID"
"I. Gueye","Senegal","MID"
"I. Jakobs","Senegal","MID"
"I. Ndiaye","Senegal","MID"
"L. Camara","Senegal","MID"
"P. Ciss","Senegal","MID"
"P. Gueye","Senegal","MID"
"P. Sarr","Senegal","MID"
"A. Modiba","South Africa","DEF"
"B. Cross","South Africa","DEF"
"I. Okon","South Africa","DEF"
"K. Mudau","South Africa","DEF"
"K. Ndamane","South Africa","DEF"
"M. Mbokazi","South Africa","DEF"
"N. Sibisi","South Africa","DEF"
"O. Makhanya","South Africa","DEF"
"S. Kabini","South Africa","DEF"
"T. Matuludi","South Africa","DEF"
"E. Makgopa","South Africa","FWD"
"I. Rayners","South Africa","FWD"
"L. Foster","South Africa","FWD"
"O. Appollis","South Africa","FWD"
"R. Mofokeng","South Africa","FWD"
"T. Maseko","South Africa","FWD"
"R. Goss","South Africa","GK"
"R. Williams","South Africa","GK"
"S. Chaine","South Africa","GK"
"J. Adams","South Africa","MID"
"K. Sebelebele","South Africa","MID"
"S. Sithole","South Africa","MID"
"T. Mbatha","South Africa","MID"
"T. Mokoena","South Africa","MID"
"T. Moremi","South Africa","MID"
"T. Zwane","South Africa","MID"
"Cho Wi-Je","South Korea","DEF"
"Kim Min-Jae","South Korea","DEF"
"Kim Moon-Hwan","South Korea","DEF"
"Kim Tae-Hyeon","South Korea","DEF"
"Lee Gi-Hyuk","South Korea","DEF"
"Lee Han-Beom","South Korea","DEF"
"Bae Jun-Ho","South Korea","FWD"
"Cho Gue-Sung","South Korea","FWD"
"Eom Ji-Sung","South Korea","FWD"
"Hwang Hee-Chan","South Korea","FWD"
"Lee Dong-Gyeong","South Korea","FWD"
"Lee Jae-Sung","South Korea","FWD"
"Lee Kang-In","South Korea","FWD"
"Oh Hyeon-Gyu","South Korea","FWD"
"Son Heung-Min","South Korea","FWD"
"Yang Hyun-Jun","South Korea","FWD"
"Jo Hyeon-Woo","South Korea","GK"
"Kim Seung-Gyu","South Korea","GK"
"Song Bum-Keun","South Korea","GK"
"Hwang In-Beom","South Korea","MID"
"J. Castrop","South Korea","MID"
"Kim Jin-Gyu","South Korea","MID"
"Lee Tae-Seok","South Korea","MID"
"Paik Seung-Ho","South Korea","MID"
"Park Jin-Seop","South Korea","MID"
"Seol Young-Woo","South Korea","MID"
"Álex Grimaldo","Spain","DEF"
"Aymeric Laporte","Spain","DEF"
"Eric García","Spain","DEF"
"Marc Cucurella","Spain","DEF"
"Marc Pubill","Spain","DEF"
"Pau Cubarsí Paredes","Spain","DEF"
"Pedro Porro","Spain","DEF"
"Borja Iglesias","Spain","FWD"
"Lamine Yamal","Spain","FWD"
"Mikel Oyarzabal","Spain","FWD"
"Nico Williams","Spain","FWD"
"Víctor Muñoz","Spain","FWD"
"David Raya","Spain","GK"
"Joan García","Spain","GK"
"Unai Simón","Spain","GK"
"Álex Baena","Spain","MID"
"Dani Olmo","Spain","MID"
"Fabián Ruiz","Spain","MID"
"Ferran Torres","Spain","MID"
"Gavi","Spain","MID"
"Marcos Llorente","Spain","MID"
"Martín Zubimendi","Spain","MID"
"Mikel Merino","Spain","MID"
"Pedri","Spain","MID"
"Rodri","Spain","MID"
"Yeremy Pino","Spain","MID"
"C. Starfelt","Sweden","DEF"
"D. Svensson","Sweden","DEF"
"E. Smith","Sweden","DEF"
"G. Lagerbielke","Sweden","DEF"
"H. Ekdal","Sweden","DEF"
"I. Hien","Sweden","DEF"
"V. Lindelöf","Sweden","DEF"
"A. Elanga","Sweden","FWD"
"A. Isak","Sweden","FWD"
"B. Nygren","Sweden","FWD"
"G. Nilsson","Sweden","FWD"
"V. Gyökeres","Sweden","FWD"
"J. Widell Zetterström","Sweden","GK"
"K. Nordfeldt","Sweden","GK"
"V. Johansson","Sweden","GK"
"A. Bernhardsson","Sweden","MID"
"B. Zeneli","Sweden","MID"
"E. Stroud","Sweden","MID"
"G. Gudmundsson","Sweden","MID"
"H. Johansson","Sweden","MID"
"J. Karlström","Sweden","MID"
"K. Sema","Sweden","MID"
"L. Bergvall","Sweden","MID"
"M. Svanberg","Sweden","MID"
"T. Ali","Sweden","MID"
"Y. Ayari","Sweden","MID"
"A. Amenda","Switzerland","DEF"
"E. Cömert","Switzerland","DEF"
"L. Jaquez","Switzerland","DEF"
"M. Akanji","Switzerland","DEF"
"M. Muheim","Switzerland","DEF"
"N. Elvedi","Switzerland","DEF"
"R. Rodríguez","Switzerland","DEF"
"S. Widmer","Switzerland","DEF"
"B. Embolo","Switzerland","FWD"
"C. Itten","Switzerland","FWD"
"J. Manzambi","Switzerland","FWD"
"N. Okafor","Switzerland","FWD"
"R. Vargas","Switzerland","FWD"
"Z. Amdouni","Switzerland","FWD"
"G. Kobel","Switzerland","GK"
"M. Keller","Switzerland","GK"
"Y. Mvogo","Switzerland","GK"
"A. Jashari","Switzerland","MID"
"C. Fassnacht","Switzerland","MID"
"D. Ndoye","Switzerland","MID"
"D. Sow","Switzerland","MID"
"D. Zakaria","Switzerland","MID"
"F. Rieder","Switzerland","MID"
"G. Xhaka","Switzerland","MID"
"M. Aebischer","Switzerland","MID"
"R. Freuler","Switzerland","MID"
"A. Abdi","Tunisia","DEF"
"A. Arous","Tunisia","DEF"
"A. Ben Hmida","Tunisia","DEF"
"D. Bronn","Tunisia","DEF"
"M. Neffati","Tunisia","DEF"
"M. Talbi","Tunisia","DEF"
"O. Rekik","Tunisia","DEF"
"R. Chikhaoui","Tunisia","DEF"
"Y. Valery","Tunisia","DEF"
"E. Saad","Tunisia","FWD"
"F. Chaouat","Tunisia","FWD"
"H. Mastouri","Tunisia","FWD"
"Ismaël Gharbi","Tunisia","FWD"
"R. Elloumi","Tunisia","FWD"
"S. Tounekti","Tunisia","FWD"
"A. Dahmen","Tunisia","GK"
"C. Abdelmouhib","Tunisia","GK"
"S. Ben Hsan","Tunisia","GK"
"A. Ben Slimane","Tunisia","MID"
"E. Achouri","Tunisia","MID"
"E. Skhiri","Tunisia","MID"
"H. Mahmoud","Tunisia","MID"
"H. Mejbri","Tunisia","MID"
"K. Ayari","Tunisia","MID"
"M. Ben Ouanes","Tunisia","MID"
"R. Khedira","Tunisia","MID"
"A. Bardakci","Türkiye","DEF"
"Ç. Söyüncü","Türkiye","DEF"
"E. Elmali","Türkiye","DEF"
"F. Kadioglu","Türkiye","DEF"
"K. Ayhan","Türkiye","DEF"
"M. Demiral","Türkiye","DEF"
"M. Müldür","Türkiye","DEF"
"O. Kabak","Türkiye","DEF"
"S. Akaydin","Türkiye","DEF"
"Z. Çelik","Türkiye","DEF"
"D. Gül","Türkiye","FWD"
"K. Aktürkoglu","Türkiye","FWD"
"K. Yildiz","Türkiye","FWD"
"O. Aydin","Türkiye","FWD"
"Y. Akgün","Türkiye","FWD"
"A. Bayindir","Türkiye","GK"
"M. Günok","Türkiye","GK"
"U. Çakir","Türkiye","GK"
"A. Güler","Türkiye","MID"
"B. Yilmaz","Türkiye","MID"
"C. Uzun","Türkiye","MID"
"H. Çalhanoglu","Türkiye","MID"
"I. Kahveci","Türkiye","MID"
"I. Yüksek","Türkiye","MID"
"O. Kokçu","Türkiye","MID"
"S. Özcan","Türkiye","MID"
"G. Varela","Uruguay","DEF"
"J. Giménez","Uruguay","DEF"
"M. Olivera","Uruguay","DEF"
"M. Viña","Uruguay","DEF"
"R. Araújo","Uruguay","DEF"
"S. Bueno","Uruguay","DEF"
"S. Cáceres","Uruguay","DEF"
"B. Rodríguez","Uruguay","FWD"
"D. Núñez","Uruguay","FWD"
"F. Pellistri","Uruguay","FWD"
"F. Viñas","Uruguay","FWD"
"J. Piquerez","Uruguay","FWD"
"R. Aguirre","Uruguay","FWD"
"F. Muslera","Uruguay","GK"
"S. Mele","Uruguay","GK"
"S. Rochet","Uruguay","GK"
"A. Canobbio","Uruguay","MID"
"E. Martínez","Uruguay","MID"
"F. Valverde","Uruguay","MID"
"G. de Arrascaeta","Uruguay","MID"
"J. Sanabria","Uruguay","MID"
"M. Araújo","Uruguay","MID"
"M. Ugarte","Uruguay","MID"
"N. de la Cruz","Uruguay","MID"
"R. Bentancur","Uruguay","MID"
"R. Zalazar","Uruguay","MID"
"A. Freeman","USA","DEF"
"A. Robinson","USA","DEF"
"A. Trusty","USA","DEF"
"C. Richards","USA","DEF"
"J. Scally","USA","DEF"
"M. McKenzie","USA","DEF"
"M. Robinson","USA","DEF"
"T. Ream","USA","DEF"
"A. Zendejas","USA","FWD"
"F. Balogun","USA","FWD"
"H. Wright","USA","FWD"
"R. Pepi","USA","FWD"
"T. Weah","USA","FWD"
"C. Brady","USA","GK"
"M. Freese","USA","GK"
"M. Turner","USA","GK"
"B. Aaronson","USA","MID"
"C. Pulisic","USA","MID"
"C. Roldan","USA","MID"
"G. Reyna","USA","MID"
"M. Arfsten","USA","MID"
"M. Tillman","USA","MID"
"S. Berhalter","USA","MID"
"S. Dest","USA","MID"
"T. Adams","USA","MID"
"W. McKennie","USA","MID"
"A. Abdullaev","Uzbekistan","DEF"
"A. Khusanov","Uzbekistan","DEF"
"A. Ulmasaliev","Uzbekistan","DEF"
"B. Karimov","Uzbekistan","DEF"
"F. Sayfiev","Uzbekistan","DEF"
"J. Urozov","Uzbekistan","DEF"
"K. Alijonov","Uzbekistan","DEF"
"R. Ashurmatov","Uzbekistan","DEF"
"U. Eshmurodov","Uzbekistan","DEF"
"A. Amonov","Uzbekistan","FWD"
"A. Fayzullaev","Uzbekistan","FWD"
"A. Ganiyev","Uzbekistan","FWD"
"E. Shomurodov","Uzbekistan","FWD"
"I. Sergeev","Uzbekistan","FWD"
"O. Orunov","Uzbekistan","FWD"
"A. Nematov","Uzbekistan","GK"
"B. Ergashev","Uzbekistan","GK"
"U. Yusupov","Uzbekistan","GK"
"A. Mozgovoy","Uzbekistan","MID"
"D. Khamdamov","Uzbekistan","MID"
"J. Iskanderov","Uzbekistan","MID"
"J. Masharipov","Uzbekistan","MID"
"O. Hamrobekov","Uzbekistan","MID"
"O. Shukurov","Uzbekistan","MID"
"S. Esanov","Uzbekistan","MID"
"S. Nasrullayev","Uzbekistan","MID"